{"cameraMode":{"drawMode":0,"name":"Shaded","section":"Shading Mode"},"sceneLighting":true,"audioPlay":false,"sceneViewState":{"m_AlwaysRefresh":false,"showFog":true,"showSkybox":false,"showFlares":true,"showImageEffects":true,"showParticleSystems":true,"showVisualEffectGraphs":true,"m_FxEnabled":true},"in2DMode":false,"pivot":{"x":-4.33941650390625,"y":-0.3799999952316284,"z":1.2999992370605469},"rotation":{"x":0.04413994401693344,"y":0.0430467426776886,"z":0.0018749356968328357,"w":-0.9981567859649658},"size":1.2247449159622193,"orthographic":false}